{
  "train_loss": [
    0.5173169995433418,
    0.3812774037458159,
    0.36114934097090673,
    0.352110339167849,
    0.347106154127428,
    0.34364517408167156,
    0.34117796908346115,
    0.3391339624423153,
    0.33772101068518956,
    0.3364191242984339,
    0.33513535743442807,
    0.33414675305504915,
    0.3331203947265294,
    0.332243582727305,
    0.331192006377266,
    0.33032447737730725,
    0.3295495902774382,
    0.32851292846695707,
    0.3276360278868308,
    0.3270935667156339,
    0.3261853250676207,
    0.3253303348322756,
    0.32440729435503735,
    0.32384258805175725,
    0.3231685359901877,
    0.3221846006709841,
    0.32160277097958356,
    0.3209640506823598,
    0.3203454081610547,
    0.31954427712218425,
    0.3188425966862257,
    0.3180134689869082,
    0.31760297101399526,
    0.31694109777507523,
    0.3162528893683928,
    0.31558805977803106,
    0.3151565121369444,
    0.314564154880157,
    0.3140847042460226,
    0.3133457542578305,
    0.3128793006403892,
    0.31255835646844277,
    0.31205155822199415,
    0.31185363165641355,
    0.31154356090142465,
    0.3107794718657817,
    0.310531299663825,
    0.31014266754498393,
    0.31005307050492237,
    0.30975471051897446,
    0.30932990149588324,
    0.30932716387095877,
    0.3088942517702456,
    0.309027106946615,
    0.3090744310876114,
    0.308769343542374,
    0.3086157304852353,
    0.3087002090021544,
    0.3085953789117789,
    0.308709369493432
  ],
  "val_loss": [
    0.3842565748233521,
    0.3604269475179334,
    0.3507497778617973,
    0.34510569226626375,
    0.3420711774107429,
    0.34034920418038606,
    0.338729253244083,
    0.3376242402316558,
    0.3375353362017135,
    0.33685803786050506,
    0.33611012623800385,
    0.33528739854277995,
    0.33572555250900704,
    0.33492382435819223,
    0.3346200762517558,
    0.33462272043699814,
    0.3345449696507126,
    0.33416596352949757,
    0.33443067443839425,
    0.3341775397415633,
    0.3341667267859893,
    0.3342850800852618,
    0.334206235933009,
    0.3341576966093035,
    0.33445569833573946,
    0.3349949983319588,
    0.335300370788374,
    0.3348534112075072,
    0.33470759662379884,
    0.33469329896919314,
    0.33489788776515844,
    0.3351397829365594,
    0.3353095556604227,
    0.33562764067584766,
    0.3358150860482637,
    0.3357836595288544,
    0.3359879363894421,
    0.33568945469022504,
    0.3363376900207811,
    0.3361129489451713,
    0.33666448987074,
    0.33659965328278624,
    0.33657058272160967,
    0.3366227970717877,
    0.3366734252000486,
    0.3368651982882219,
    0.3371502495793719,
    0.3370591327243851,
    0.3373445004075296,
    0.33727311395533677,
    0.3373441082460939,
    0.33752152043185407,
    0.33740453074613336,
    0.33747833055722926,
    0.3374448890559776,
    0.3375347501531054,
    0.3375697010778482,
    0.3375577814420769,
    0.3375648120647409,
    0.3375666138520392
  ],
  "train_mse": [
    0.00202076962983433,
    0.0014893649775787798,
    0.0014107397340483202,
    0.0013754311395131967,
    0.0013558835289982111,
    0.0013423640884496393,
    0.0013327265671327037,
    0.0013247421675270865,
    0.001319222827561502,
    0.0013141373398279613,
    0.0013091226135859917,
    0.0013052608805104076,
    0.0013012516621945273,
    0.0012978266369324566,
    0.001293718898866623,
    0.0012903301170025397,
    0.001287303216941394,
    0.0012832537488021022,
    0.0012798283635597368,
    0.0012777093686450254,
    0.001274161558453562,
    0.0012708217351698689,
    0.0012672161175841157,
    0.0012650102402469924,
    0.0012623772243271628,
    0.0012585337244985062,
    0.0012562609537658024,
    0.001253765948726072,
    0.0012513493797996064,
    0.0012482199590606246,
    0.0012454790201510085,
    0.0012422402422158964,
    0.0012406367385182817,
    0.0012380512980257503,
    0.0012353629815577765,
    0.0012327659829740026,
    0.0012310802495446903,
    0.0012287663596274173,
    0.0012268934981781003,
    0.0012240069768184251,
    0.0012221848886595657,
    0.0012209312172304114,
    0.001218951526443451,
    0.0012181783825110399,
    0.0012169671657886764,
    0.0012139824440905314,
    0.001213013019872985,
    0.0012114949334704856,
    0.001211144944630751,
    0.0012099794633651775,
    0.0012083200692202213,
    0.001208309377697907,
    0.0012066182973666435,
    0.0012071372717540716,
    0.001207322130930174,
    0.0012061303885083435,
    0.0012055303288664543,
    0.0012058603247571988,
    0.001205450827001611,
    0.0012058961049058639
  ],
  "val_mse": [
    0.0015010023652546037,
    0.0014079178783376234,
    0.0013701164361064916,
    0.0013480692337015396,
    0.0013362156826838508,
    0.0013294891986397794,
    0.001323161291285622,
    0.0013188448169058026,
    0.0013184975233310515,
    0.0013158518475435076,
    0.0013129303125944,
    0.0013097165256638068,
    0.0013114280767614324,
    0.0013082963313052866,
    0.0013071098030974684,
    0.0013071201405553462,
    0.0013068164440093956,
    0.0013053359391813483,
    0.0013063699383588235,
    0.0013053811414189664,
    0.0013053388945390289,
    0.001305801220805063,
    0.001305493218494562,
    0.0013053036239691262,
    0.0013064676915156045,
    0.0013085743476469738,
    0.0013097671862496317,
    0.001308021276499861,
    0.0013074516761966747,
    0.0013073958032652057,
    0.001308195013053186,
    0.0013091399107705447,
    0.0013098031011979628,
    0.0013110455999316647,
    0.0013117777892572755,
    0.0013116550588829097,
    0.0013124530049814173,
    0.0013112870903924034,
    0.0013138192301445735,
    0.0013129413405731608,
    0.0013150957972729255,
    0.001314842505098605,
    0.001314728949957159,
    0.001314932941729619,
    0.001315130685259686,
    0.0013158798006235133,
    0.0013169932892229063,
    0.0013166373692633023,
    0.0013177520867755858,
    0.0013174732298481934,
    0.0013177505287412495,
    0.001318443579895616,
    0.0013179866009398688,
    0.0013182748624545244,
    0.001318144217644321,
    0.0013184952636679664,
    0.0013186317716388295,
    0.0013185852313786614,
    0.0013186126842788042,
    0.001318619703472262
  ],
  "train_cos": [
    0.48268300040311696,
    0.6187225962541841,
    0.6388506590290933,
    0.6478896608321509,
    0.6528938458725719,
    0.6563548259183285,
    0.6588220309165389,
    0.6608660375576847,
    0.6622789893148104,
    0.6635808757015661,
    0.6648646425655719,
    0.6658532469449508,
    0.6668796052734706,
    0.6677564172726951,
    0.668807993622734,
    0.6696755226226928,
    0.6704504097225619,
    0.6714870715330429,
    0.6723639721131692,
    0.6729064332843662,
    0.6738146749323792,
    0.6746696651677244,
    0.6755927056449627,
    0.6761574119482427,
    0.6768314640098123,
    0.6778153993290159,
    0.6783972290204164,
    0.6790359493176402,
    0.6796545918389453,
    0.6804557228778157,
    0.6811574033137743,
    0.6819865310130918,
    0.6823970289860047,
    0.6830589022249247,
    0.6837471106316072,
    0.6844119402219689,
    0.6848434878630556,
    0.685435845119843,
    0.6859152957539775,
    0.6866542457421695,
    0.6871206993596107,
    0.6874416435315572,
    0.6879484417780058,
    0.6881463683435864,
    0.6884564390985753,
    0.6892205281342183,
    0.689468700336175,
    0.689857332455016,
    0.6899469294950776,
    0.6902452894810255,
    0.6906700985041168,
    0.6906728361290413,
    0.6911057482297543,
    0.690972893053385,
    0.6909255689123887,
    0.6912306564576259,
    0.6913842695147647,
    0.6912997909978457,
    0.6914046210882211,
    0.691290630506568
  ],