{
  "Naive Late Fusion": {
    "params": 328704,
    "macs": 655360.0,
    "flops_str": "1",
    "macs_str": "6",
    "mean_ms": 1.524391845613718,
    "std_ms": 2.8941618532072058,
    "p50_ms": 0.32870399951934814,
    "p95_ms": 9.404321432113647,
    "min_ms": 0.24012799561023712,
    "max_ms": 13.409855842590332
  },
  "AudioCLIP": {
    "params": 428800,
    "macs": 691200.0,
    "flops_str": "1",
    "macs_str": "6",
    "mean_ms": 4.093087503314019,
    "std_ms": 4.37193743875482,
    "p50_ms": 1.0688480138778687,
    "p95_ms": 13.046198129653929,
    "min_ms": 0.6855040192604065,
    "max_ms": 15.061568260192871
  },
  "ImageBind (approx)": {
    "params": 851968,
    "macs": 851968.0,
    "flops_str": "1",
    "macs_str": "8",
    "mean_ms": 1.9580640056729317,
    "std_ms": 2.032459940398216,
    "p50_ms": 0.7212959825992584,
    "p95_ms": 6.647548842430115,
    "min_ms": 0.4935680031776428,
    "max_ms": 9.797920227050781
  },
  "Regression (FusionMLP)": {
    "params": 593408,
    "macs": 593920.0,
    "flops_str": "1",
    "macs_str": "5",
    "mean_ms": 1.8388081650435923,
    "std_ms": 2.0450320412322136,
    "p50_ms": 0.6695519983768463,
    "p95_ms": 6.689267063140869,
    "min_ms": 0.44649600982666016,
    "max_ms": 8.634143829345703
  },
  "Distillation (StudentMLP)": {
    "params": 613673,
    "macs": 613888.0,
    "flops_str": "1",
    "macs_str": "6",
    "mean_ms": 1.1281521573662758,
    "std_ms": 1.017922165954197,
    "p50_ms": 0.7217440009117126,
    "p95_ms": 2.8206144928932186,
    "min_ms": 0.4833280146121979,
    "max_ms": 6.506944179534912
  }
}