{
  "Naive Late Fusion": {
    "params": 590848,
    "macs": 589824.0,
    "flops_str": "1",
    "macs_str": "5",
    "mean_ms": 0.37981440030038355,
    "std_ms": 0.17686380333166246,
    "p50_ms": 0.36820800602436066,
    "p95_ms": 0.43462559878826124,
    "min_ms": 0.18544000387191772,
    "max_ms": 2.072927951812744
  },
  "AudioCLIP": {
    "params": 428800,
    "macs": 691200.0,
    "flops_str": "1",
    "macs_str": "6",
    "mean_ms": 1.01086816072464,
    "std_ms": 0.39640694502762813,
    "p50_ms": 0.9344639778137207,
    "p95_ms": 1.6538944005966176,
    "min_ms": 0.6430400013923645,
    "max_ms": 3.115391969680786
  },
  "ImageBind (approx)": {
    "params": 851968,
    "macs": 851968.0,
    "flops_str": "1",
    "macs_str": "8",
    "mean_ms": 0.626155040860176,
    "std_ms": 0.11292384321252363,
    "p50_ms": 0.5953280031681061,
    "p95_ms": 0.8564160138368605,
    "min_ms": 0.49513599276542664,
    "max_ms": 1.1263680458068848
  },
  "Regression (FusionMLP)": {
    "params": 593408,
    "macs": 593920.0,
    "flops_str": "1",
    "macs_str": "5",
    "mean_ms": 0.5399931193888188,
    "std_ms": 0.11357670512539268,
    "p50_ms": 0.524480015039444,
    "p95_ms": 0.6226943731307983,
    "min_ms": 0.4323520064353943,
    "max_ms": 1.388543963432312
  },
  "Distillation (StudentMLP)": {
    "params": 613673,
    "macs": 613888.0,
    "flops_str": "1",
    "macs_str": "6",
    "mean_ms": 0.5545103999972344,
    "std_ms": 0.19356721499288743,
    "p50_ms": 0.55622398853302,
    "p95_ms": 0.770347186923027,
    "min_ms": 0.31385600566864014,
    "max_ms": 2.3142080307006836
  }
}