{
  "Class-Mean (floor)": {
    "cosine": {
      "mean": 0.6692776679992676,
      "std": 0.09724689275026321
    },
    "mse": {
      "mean": 13.986873626708984,
      "std": 10.628228187561035
    },
    "retrieval": {
      "R@1": 51.63604549431321,
      "R@5": 65.65179352580928,
      "R@10": 80.22747156605425,
      "MedR": 1.0
    }
  },
  "Naive Late Fusion": {
    "cosine": {
      "mean": 0.9952892661094666,
      "std": 0.0028981678187847137
    },
    "mse": {
      "mean": 13.88593578338623,
      "std": 10.595132827758789
    },
    "retrieval": {
      "R@1": 99.93000874890639,
      "R@5": 100.0,
      "R@10": 100.0,
      "MedR": 1.0
    }
  },
  "AudioCLIP": {
    "cosine": {
      "mean": -0.01947876438498497,
      "std": 0.03417566791176796
    },
    "mse": {
      "mean": 14.2046537399292,
      "std": 10.70371150970459
    },
    "retrieval": {
      "R@1": 4.811898512685914,
      "R@5": 14.365704286964128,
      "R@10": 22.869641294838143,
      "MedR": 34.0
    }
  },
  "ImageBind (approx)": {
    "cosine": {
      "mean": -0.012680946849286556,
      "std": 0.037205178290605545
    },
    "mse": {
      "mean": 14.202217102050781,
      "std": 10.702218055725098
    },
    "retrieval": {
      "R@1": 2.869641294838145,
      "R@5": 12.16097987751531,
      "R@10": 21.22484689413823,
      "MedR": 40.0
    }
  },
  "Regression (FusionMLP)": {
    "cosine": {
      "mean": 0.669792890548706,
      "std": 0.1009611189365387
    },
    "mse": {
      "mean": 13.98771858215332,
      "std": 10.632136344909668
    },
    "retrieval": {
      "R@1": 19.26509186351706,
      "R@5": 39.037620297462816,
      "R@10": 50.63867016622922,
      "MedR": 10.0
    }
  },
  "Distillation (StudentMLP)": {
    "cosine": {
      "mean": 0.6134417653083801,
      "std": 0.11076196283102036
    },
    "mse": {
      "mean": 14.013522148132324,
      "std": 10.666913986206055
    },
    "retrieval": {
      "R@1": 44.7419072615923,
      "R@5": 73.84076990376202,
      "R@10": 83.23709536307962,
      "MedR": 2.0
    }
  }
}